CertificationNO,Provider Name,State
357002,JAMESTOWN REGIONAL MEDICAL CENTER HOME HEALTH,ND
357004,RICHLAND COUNTY HOME HEALTH AGENCY,ND
357007,GOOD SAMARITAN SOCIETY HOME CARE,ND
357013,CHI HEALTH AT HOME,ND
357014,ALTRU'S HOME HEALTH,ND
357016,ST ALEXIUS HOME CARE & HOSPICE,ND
357021,CITY COUNTY HEALTH DISTRICT,ND
357029,SANFORD HOME CARE,ND
357030,CHI HEALTH AT HOME,ND
357035,CHI HEALTH AT HOME,ND
357037,SANFORD HOME CARE FARGO,ND
357040,TRI CARE HOME HEALTH INC.,ND
357042,GOOD SAMARITAN SOCIETY - HOME CARE,ND
357044,TRINITY HOSPITALS  HOME HEALTH,ND
357052,SAKAKAWEA HOME HEALTH CARE,ND
357059,BENEDICTINE HOME HEALTH,ND
357301,SISTERS OF MARY OF PRESENTATION PRAIRIELAND HOME C,ND
357302,ETHOS HOME CARE,ND
357303,ACCURATE HOME CARE OF NORTH DAKOTA LLC,ND
